player_id,pos,age,g,mp,fg,fga,x3p,x2p,ft,fta,orb,drb,trb,ast,stl,blk,tov,pf,pts,pred_pos,score
5044,SG,25.0,16,194.0,20,46,4.0,16,0,0,2.0,28.0,30.0,20,16.0,6.0,4.0,26,44,SG,9
4522,PF,25.0,10,108.0,18,47,4.0,14,5,9,14.0,23.0,37.0,5,12.0,3.0,2.0,4,45,SG,8
4704,SF,27.0,7,134.0,14,36,3.0,11,4,7,8.0,16.0,24.0,11,4.0,1.0,2.0,13,35,SG,7
5098,SG,22.0,9,49.0,3,13,1.0,2,0,0,2.0,5.0,7.0,3,4.0,1.0,1.0,6,7,SG,7
4760,SG,25.0,102,1296.0,112,258,50.0,62,18,24,42.0,98.0,140.0,52,100.0,34.0,20.0,142,292,SG,7
3877,SG,36.0,18,129.0,15,35,9.0,6,3,4,2.0,9.0,11.0,10,9.0,1.0,3.0,14,42,SG,6
4528,SF,27.0,23,107.0,7,27,5.0,2,1,2,2.0,15.0,17.0,9,4.0,4.0,2.0,7,20,SG,6
4525,SG,27.0,3,78.0,18,29,9.0,9,6,8,5.0,11.0,16.0,8,5.0,1.0,2.0,10,51,SG,6
4794,SG,25.0,36,642.0,99,193,29.0,70,32,35,5.0,54.0,59.0,105,17.0,5.0,23.0,52,259,PG,5
4958,PG,25.0,15,102.0,12,27,1.0,11,3,3,5.0,9.0,14.0,12,3.0,1.0,3.0,5,28,SG,5
5071,SG,23.0,9,36.0,6,10,5.0,1,2,3,3.0,4.0,7.0,3,2.0,1.0,1.0,6,19,SG,5
4034,PG,32.0,9,144.0,24,57,7.0,17,17,21,3.0,13.0,16.0,19,2.0,2.0,4.0,11,72,SG,5
4069,SG,30.0,46,955.0,88,193,41.0,47,30,35,4.0,75.0,79.0,70,28.0,3.0,22.0,77,247,SG,4
4827,PG,23.0,6,53.0,1,10,1.0,0,0,0,6.0,4.0,10.0,8,5.0,0.0,3.0,9,3,SG,4
4492,SG,28.0,59,1636.0,238,528,106.0,132,112,130,32.0,164.0,196.0,229,44.0,54.0,63.0,130,694,SG,4
4860,PG,24.0,42,582.0,72,197,41.0,31,15,20,15.0,49.0,64.0,63,17.0,3.0,18.0,55,200,SG,4
5055,SF,23.0,13,181.0,25,48,2.0,23,12,16,12.0,26.0,38.0,8,8.0,0.0,4.0,15,64,SG,4
4734,SG,26.0,49,1097.0,108,249,52.0,56,20,23,43.0,188.0,231.0,70,50.0,13.0,29.0,73,288,SF,4
5097,PG,21.0,23,292.0,40,111,9.0,31,6,11,2.0,29.0,31.0,33,9.0,1.0,9.0,26,95,SG,4
4189,SF,29.0,8,146.0,15,30,6.0,9,8,8,6.0,13.0,19.0,8,11.0,0.0,4.0,7,44,SG,4
4688,PF,25.0,27,350.0,44,92,18.0,26,17,19,19.0,33.0,52.0,23,6.0,3.0,6.0,52,123,SG,4
4023,SF,33.0,44,1482.0,317,625,23.0,294,298,350,97.0,166.0,263.0,223,88.0,16.0,74.0,57,955,SG,4
4943,SF,28.0,42,653.0,61,159,40.0,21,17,21,35.0,55.0,90.0,43,35.0,13.0,19.0,87,179,SG,4
4888,PG,24.0,18,239.0,24,50,0.0,24,2,3,5.0,24.0,29.0,31,6.0,2.0,10.0,16,50,SG,3
4966,PG,24.0,40,722.0,97,214,26.0,71,33,44,35.0,95.0,130.0,98,41.0,21.0,36.0,67,253,SG,3
4944,SG,20.0,7,26.0,7,12,0.0,7,3,4,4.0,3.0,7.0,1,2.0,2.0,1.0,7,17,SG,3
4893,SG,22.0,38,1245.0,270,593,89.0,181,122,151,17.0,91.0,108.0,137,32.0,5.0,56.0,81,751,SG,3
4487,C,30.0,6,93.0,18,37,1.0,17,4,10,4.0,13.0,17.0,6,1.0,4.0,2.0,6,41,SG,3
4475,SG,30.0,34,1015.0,183,428,93.0,90,36,47,14.0,100.0,114.0,103,29.0,11.0,40.0,59,495,SG,3
4404,PG,30.0,15,255.0,24,41,9.0,15,4,4,10.0,29.0,39.0,22,16.0,1.0,12.0,29,61,SG,3
4703,SG,22.0,51,1135.0,161,386,83.0,78,44,53,11.0,126.0,137.0,101,38.0,5.0,41.0,86,449,SG,3
4826,SG,22.0,29,907.0,206,463,82.0,124,69,87,6.0,109.0,115.0,104,35.0,12.0,45.0,42,563,SG,3
4839,SG,23.0,49,771.0,132,282,104.0,28,41,49,17.0,92.0,109.0,53,29.0,6.0,21.0,66,409,SG,3
4837,PG,23.0,59,1636.0,262,599,101.0,161,122,148,40.0,198.0,238.0,187,50.0,8.0,63.0,123,747,SG,3
4981,SG,25.0,23,256.0,32,83,28.0,4,5,7,7.0,28.0,35.0,16,7.0,6.0,6.0,21,97,SG,3
4582,PG,26.0,50,725.0,78,187,31.0,47,24,28,21.0,45.0,66.0,65,27.0,10.0,29.0,68,211,SG,3
4602,PG,24.0,54,1537.0,207,484,118.0,89,45,57,52.0,174.0,226.0,145,93.0,29.0,75.0,133,577,SG,3
4608,SG,26.0,48,1209.0,149,345,99.0,50,33,40,43.0,156.0,199.0,159,63.0,5.0,70.0,88,430,SG,3
4618,SG,24.0,50,1682.0,327,739,132.0,195,146,175,19.0,109.0,128.0,81,83.0,14.0,46.0,87,932,SG,3
4638,PG,27.0,58,1306.0,162,375,91.0,71,22,27,25.0,124.0,149.0,149,57.0,25.0,63.0,118,437,SG,3
4658,SF,26.0,118,4278.0,762,1628,218.0,544,338,378,126.0,398.0,524.0,420,138.0,96.0,170.0,240,2080,SG,3
4674,SG,27.0,32,232.0,20,59,15.0,5,9,11,8.0,29.0,37.0,28,3.0,1.0,9.0,24,64,SG,3
4690,SG,25.0,40,570.0,53,136,10.0,43,45,55,16.0,35.0,51.0,49,7.0,3.0,17.0,48,161,SG,3
4354,SG,30.0,41,1043.0,124,314,85.0,39,17,28,35.0,173.0,208.0,53,30.0,5.0,25.0,44,350,SF,3
4394,SG,26.0,54,1972.0,449,971,110.0,339,112,134,38.0,259.0,297.0,328,83.0,18.0,121.0,79,1120,PG,3
4260,SG,31.0,51,1215.0,159,344,104.0,55,15,24,19.0,115.0,134.0,83,26.0,13.0,32.0,124,437,SG,3
4271,PF,29.0,48,1253.0,151,300,29.0,122,81,104,37.0,189.0,226.0,195,57.0,40.0,66.0,102,412,SG,3
5039,SG,20.0,23,115.0,15,37,2.0,13,3,6,7.0,10.0,17.0,14,4.0,4.0,6.0,9,35,SG,3
4178,SG,29.0,56,1758.0,228,482,109.0,119,73,87,28.0,139.0,167.0,134,77.0,24.0,67.0,113,638,SG,3
5029,SG,23.0,53,1435.0,170,401,62.0,108,26,30,27.0,120.0,147.0,220,53.0,10.0,91.0,140,428,PG,3
4217,SG,30.0,26,739.0,105,260,37.0,68,43,57,13.0,77.0,90.0,101,43.0,6.0,48.0,63,290,PG,3
5068,SG,19.0,6,40.0,4,7,0.0,4,1,2,2.0,4.0,6.0,3,4.0,0.0,2.0,9,9,SG,3
4245,SG,28.0,30,735.0,91,187,55.0,36,23,26,13.0,51.0,64.0,36,27.0,5.0,21.0,62,260,SG,3
4124,PG,34.0,45,1211.0,97,241,55.0,42,39,50,24.0,116.0,140.0,118,40.0,25.0,42.0,124,288,SG,3
5045,PG,19.0,39,778.0,69,155,20.0,49,18,29,28.0,110.0,138.0,96,34.0,10.0,43.0,75,176,SG,3
5019,PG,22.0,21,120.0,11,29,5.0,6,1,2,2.0,12.0,14.0,12,3.0,1.0,4.0,11,28,SG,3
4325,C,29.0,56,392.0,52,100,22.0,30,24,28,8.0,72.0,80.0,54,10.0,6.0,18.0,44,150,SG,3
3791,PF,34.0,47,754.0,104,185,5.0,99,18,26,67.0,89.0,156.0,70,53.0,5.0,38.0,85,231,SG,3
5094,PG,23.0,4,27.0,2,9,2.0,0,3,3,0.0,0.0,0.0,3,0.0,0.0,1.0,1,9,SG,3
4718,SG,26.0,92,1212.0,122,342,108.0,14,82,90,20.0,106.0,126.0,46,46.0,8.0,36.0,112,434,SG,2
5054,SG,21.0,53,1539.0,259,510,46.0,213,82,108,48.0,171.0,219.0,153,66.0,29.0,83.0,135,646,SG,2
4824,SG,24.0,35,1093.0,263,565,106.0,157,120,133,23.0,148.0,171.0,146,35.0,13.0,77.0,86,752,SG,2
4799,PF,25.0,44,705.0,93,185,38.0,55,25,26,20.0,85.0,105.0,67,17.0,11.0,30.0,72,249,SG,2
4796,SG,23.0,45,1595.0,337,771,135.0,202,118,128,21.0,237.0,258.0,199,39.0,14.0,112.0,76,927,SG,2
5056,PG,23.0,4,65.0,6,13,2.0,4,1,2,1.0,4.0,5.0,4,4.0,2.0,4.0,5,15,SG,2
5060,PG,20.0,6,14.0,2,8,0.0,2,0,0,0.0,2.0,2.0,1,1.0,0.0,1.0,0,4,SG,2
5089,PG,22.0,6,32.0,4,12,1.0,3,5,9,2.0,2.0,4.0,2,2.0,1.0,2.0,3,14,SG,2
4792,SG,25.0,44,607.0,113,257,60.0,53,27,30,17.0,90.0,107.0,56,35.0,11.0,38.0,80,313,SG,2
4791,SG,26.0,60,1412.0,213,407,58.0,155,68,88,57.0,168.0,225.0,130,32.0,19.0,57.0,108,552,SF,2
5082,SF,19.0,19,284.0,32,77,13.0,19,2,5,8.0,41.0,49.0,26,5.0,6.0,12.0,22,79,SG,2
5070,PF,20.0,8,31.0,7,18,0.0,7,3,5,1.0,4.0,5.0,4,0.0,0.0,2.0,5,17,SG,2
4789,SG,22.0,46,760.0,130,320,31.0,99,61,83,21.0,93.0,114.0,132,28.0,19.0,56.0,68,352,PG,2
4729,SG,29.0,28,449.0,61,104,13.0,48,29,43,25.0,57.0,82.0,23,22.0,20.0,20.0,47,164,PF,2
4773,SG,24.0,76,1068.0,168,344,70.0,98,54,78,16.0,104.0,120.0,152,48.0,28.0,92.0,116,460,PG,2
4732,SG,23.0,61,1201.0,266,595,66.0,200,76,97,33.0,130.0,163.0,124,39.0,4.0,61.0,92,674,SG,2
5073,SF,19.0,45,989.0,161,362,52.0,109,35,45,15.0,81.0,96.0,87,24.0,6.0,47.0,74,409,SG,2
4763,SF,26.0,57,1722.0,252,625,148.0,104,66,75,40.0,165.0,205.0,125,37.0,9.0,57.0,121,718,SG,2
5076,SG,19.0,35,498.0,43,103,26.0,17,14,16,7.0,67.0,74.0,19,8.0,7.0,13.0,32,126,SF,2
4754,SG,23.0,50,1494.0,238,578,94.0,144,130,172,68.0,138.0,206.0,112,52.0,13.0,67.0,164,700,SF,2
4752,PF,23.0,35,248.0,16,38,7.0,9,7,8,7.0,27.0,34.0,13,7.0,7.0,7.0,39,46,SG,2
5080,SG,22.0,37,557.0,64,130,31.0,33,10,16,24.0,38.0,62.0,18,5.0,4.0,11.0,52,169,SG,2
4970,SG,20.0,52,1602.0,366,749,49.0,317,66,84,100.0,303.0,403.0,306,39.0,25.0,158.0,110,847,PF,2
4857,PG,21.0,14,155.0,28,59,8.0,20,12,13,4.0,24.0,28.0,15,4.0,1.0,8.0,16,76,SG,2
5036,SG,21.0,54,834.0,96,194,23.0,73,22,37,37.0,91.0,128.0,42,26.0,11.0,24.0,68,237,SF,2
4850,SG,22.0,40,995.0,132,242,46.0,86,59,82,37.0,71.0,108.0,64,35.0,3.0,41.0,105,369,SG,2
4992,SG,20.0,44,627.0,76,172,37.0,39,27,39,20.0,53.0,73.0,40,15.0,5.0,27.0,37,216,SG,2
4949,SG,22.0,26,354.0,40,122,16.0,24,15,22,5.0,46.0,51.0,28,13.0,4.0,19.0,29,111,SG,2
5000,SG,22.0,49,1479.0,175,393,89.0,86,56,70,40.0,128.0,168.0,94,32.0,20.0,50.0,125,495,SF,2
5012,PG,21.0,51,938.0,158,402,66.0,92,26,38,20.0,95.0,115.0,79,33.0,10.0,49.0,78,408,SG,2
4939,SF,24.0,43,1239.0,147,333,32.0,115,89,119,59.0,105.0,164.0,93,72.0,28.0,56.0,141,415,SG,2
4933,SF,21.0,58,1924.0,400,826,96.0,304,200,241,53.0,175.0,228.0,205,54.0,11.0,124.0,133,1096,SG,2
4929,SG,22.0,31,394.0,94,256,40.0,54,16,24,2.0,34.0,36.0,63,6.0,4.0,34.0,23,244,PG,2
4923,PG,23.0,26,246.0,46,111,13.0,33,15,19,9.0,26.0,35.0,29,12.0,12.0,15.0,30,120,SG,2
4920,SF,23.0,50,1360.0,165,344,93.0,72,51,59,20.0,115.0,135.0,62,29.0,6.0,39.0,67,474,SG,2
4919,SF,25.0,36,694.0,94,261,41.0,53,55,66,15.0,73.0,88.0,53,18.0,8.0,33.0,54,284,SG,2
5025,SG,23.0,26,244.0,42,92,33.0,9,4,4,4.0,24.0,28.0,12,5.0,0.0,7.0,24,121,SG,2
4915,PG,25.0,2,23.0,1,5,0.0,1,1,4,1.0,2.0,3.0,2,0.0,0.0,1.0,1,3,SG,2
4909,SG,21.0,21,247.0,51,121,12.0,39,29,38,7.0,22.0,29.0,19,9.0,0.0,12.0,21,143,SG,2
4907,SG,23.0,57,1619.0,221,439,47.0,174,54,67,40.0,134.0,174.0,161,39.0,20.0,78.0,145,543,SG,2
4906,SG,24.0,41,1144.0,137,279,51.0,86,104,119,25.0,97.0,122.0,89,21.0,15.0,54.0,68,429,SG,2
4900,SG,24.0,46,846.0,112,222,32.0,80,39,47,48.0,98.0,146.0,62,21.0,8.0,37.0,74,295,SF,2
4895,C,21.0,11,28.0,2,8,0.0,2,2,2,3.0,8.0,11.0,3,2.0,2.0,2.0,5,6,SG,2
5026,SG,22.0,26,126.0,26,52,14.0,12,2,6,4.0,16.0,20.0,2,2.0,0.0,2.0,16,68,SG,2
5027,SF,19.0,55,1122.0,203,426,82.0,121,26,30,25.0,89.0,114.0,55,38.0,7.0,33.0,67,514,SG,2
5032,SG,20.0,26,382.0,36,95,12.0,24,22,28,9.0,35.0,44.0,27,7.0,4.0,15.0,21,106,SG,2
4877,PG,21.0,26,361.0,50,114,18.0,32,31,37,9.0,30.0,39.0,34,16.0,4.0,21.0,22,149,SG,2
4865,SF,25.0,54,1345.0,183,428,54.0,129,103,133,37.0,163.0,200.0,136,45.0,13.0,69.0,84,523,SG,2
4988,SF,25.0,64,606.0,80,214,64.0,16,20,24,8.0,42.0,50.0,30,10.0,2.0,14.0,54,244,SG,2
4783,SG,23.0,32,646.0,100,204,13.0,87,24,37,46.0,46.0,92.0,43,16.0,11.0,22.0,55,237,SF,2
5100,SG,21.0,24,139.0,15,37,2.0,13,4,5,2.0,14.0,16.0,16,6.0,5.0,8.0,13,36,SG,2
4697,SF,23.0,46,1014.0,148,326,48.0,100,60,68,16.0,58.0,74.0,50,36.0,18.0,32.0,78,404,SG,2
3982,SG,31.0,46,1015.0,183,416,89.0,94,138,169,17.0,118.0,135.0,100,33.0,6.0,53.0,89,593,SG,2
4364,SF,26.0,30,469.0,65,122,18.0,47,26,39,22.0,73.0,95.0,67,16.0,6.0,33.0,48,174,SG,2
4561,PG,28.0,26,70.0,2,12,2.0,0,0,0,0.0,8.0,8.0,4,4.0,0.0,4.0,6,6,SG,2
4560,SF,29.0,55,1837.0,175,442,123.0,52,32,44,37.0,224.0,261.0,216,46.0,39.0,88.0,170,505,SG,2
3969,SG,32.0,44,1506.0,356,773,130.0,226,181,207,32.0,236.0,268.0,231,64.0,15.0,145.0,120,1023,PG,2
4541,SG,24.0,54,1219.0,255,575,90.0,165,126,138,27.0,113.0,140.0,209,36.0,13.0,107.0,85,726,PG,2
3872,SF,33.0,53,1925.0,484,955,27.0,457,349,396,23.0,224.0,247.0,270,51.0,28.0,119.0,144,1344,SG,2
4154,SG,31.0,52,1820.0,411,944,148.0,263,129,162,39.0,187.0,226.0,307,51.0,31.0,137.0,100,1099,PG,2
4366,SG,28.0,49,1746.0,396,946,134.0,262,141,172,47.0,163.0,210.0,240,53.0,13.0,103.0,91,1067,SG,2
3941,SF,32.0,34,1059.0,176,381,35.0,141,86,106,24.0,119.0,143.0,123,30.0,7.0,63.0,45,473,SG,2
4203,SG,32.0,40,914.0,153,333,74.0,79,34,35,10.0,67.0,77.0,81,26.0,7.0,42.0,74,414,SG,2
4500,PG,24.0,36,432.0,34,97,11.0,23,12,18,5.0,41.0,46.0,40,8.0,4.0,24.0,49,91,SG,2
4497,SG,27.0,46,669.0,113,246,28.0,85,88,95,11.0,61.0,72.0,66,30.0,9.0,44.0,76,342,SG,2
4495,SG,26.0,50,1776.0,475,990,182.0,293,233,267,47.0,156.0,203.0,243,74.0,20.0,137.0,116,1365,SG,2
4494,SF,27.0,52,1585.0,290,742,94.0,196,93,118,31.0,139.0,170.0,134,44.0,10.0,79.0,176,767,SG,2
4381,SG,29.0,25,268.0,30,83,14.0,16,15,15,4.0,11.0,15.0,17,7.0,2.0,12.0,22,89,SG,2
4209,SG,30.0,54,1633.0,249,661,150.0,99,94,125,19.0,179.0,198.0,94,41.0,7.0,47.0,86,742,SG,2
4382,SF,30.0,60,1921.0,371,819,230.0,141,80,92,52.0,243.0,295.0,163,68.0,19.0,112.0,118,1052,SG,2
4479,SF,27.0,58,1218.0,190,415,82.0,108,56,83,17.0,112.0,129.0,89,31.0,7.0,42.0,89,518,SG,2
4383,SG,28.0,55,1674.0,236,575,86.0,150,101,141,40.0,177.0,217.0,216,47.0,13.0,92.0,124,659,PG,2
4443,SG,31.0,21,217.0,22,57,16.0,6,8,11,11.0,17.0,28.0,14,5.0,0.0,7.0,15,68,SG,2
4426,SG,26.0,116,3066.0,556,1406,354.0,202,74,88,54.0,354.0,408.0,192,96.0,16.0,128.0,160,1540,SG,2
4405,PF,29.0,55,1089.0,169,378,119.0,50,28,32,17.0,120.0,137.0,63,22.0,11.0,40.0,103,485,SG,2
4292,PF,29.0,26,490.0,102,200,16.0,86,27,33,13.0,59.0,72.0,29,15.0,7.0,17.0,45,247,SG,2
4389,SF,29.0,37,546.0,55,120,24.0,31,28,40,8.0,57.0,65.0,25,8.0,7.0,16.0,44,162,SG,2
4569,C,25.0,12,33.0,6,12,3.0,3,4,4,1.0,10.0,11.0,1,1.0,1.0,1.0,2,19,SG,2
4321,SG,26.0,33,1117.0,315,662,73.0,242,174,205,24.0,126.0,150.0,183,29.0,12.0,82.0,95,877,PG,2
4102,SG,33.0,28,411.0,48,125,30.0,18,0,0,2.0,21.0,23.0,25,5.0,10.0,12.0,37,126,SG,2
4043,PF,33.0,27,285.0,33,82,20.0,13,10,10,13.0,46.0,59.0,25,8.0,5.0,14.0,33,96,SG,2
4037,PG,30.0,88,3264.0,876,1788,290.0,586,352,394,88.0,358.0,446.0,478,92.0,72.0,202.0,242,2394,SG,2
4671,SG,26.0,53,1138.0,186,375,41.0,145,76,89,27.0,118.0,145.0,159,18.0,9.0,72.0,87,489,PG,2
4670,PG,24.0,53,1877.0,541,1065,47.0,494,506,555,46.0,202.0,248.0,300,87.0,57.0,153.0,143,1635,SG,2
4653,SG,24.0,42,1123.0,201,443,74.0,127,77,87,13.0,76.0,89.0,56,26.0,14.0,38.0,62,553,SG,2
4072,SG,29.0,36,1183.0,316,608,63.0,253,135,158,30.0,97.0,127.0,186,32.0,23.0,99.0,68,830,PG,2
4086,SG,30.0,23,414.0,53,151,33.0,20,18,21,4.0,41.0,45.0,35,14.0,3.0,19.0,43,157,SG,2
4652,SG,25.0,30,642.0,92,242,61.0,31,41,45,8.0,43.0,51.0,67,18.0,5.0,29.0,46,286,PG,2
3815,SG,34.0,98,2932.0,430,986,176.0,254,234,286,24.0,178.0,202.0,292,64.0,38.0,166.0,92,1270,PG,2
4648,SG,24.0,54,1648.0,295,617,143.0,152,72,103,32.0,150.0,182.0,158,60.0,18.0,75.0,136,805,SG,2
4140,SG,32.0,40,782.0,110,284,52.0,58,35,45,10.0,101.0,111.0,95,17.0,10.0,45.0,39,307,SG,2
4644,SG,24.0,50,748.0,103,245,37.0,66,72,103,75.0,85.0,160.0,62,35.0,22.0,42.0,75,315,SF,2
4338,SF,26.0,29,776.0,81,198,14.0,67,20,28,49.0,96.0,145.0,98,30.0,11.0,43.0,89,196,SG,2
3881,PF,35.0,12,98.0,10,27,3.0,7,3,4,2.0,14.0,16.0,7,4.0,5.0,5.0,24,26,SG,2
4620,SG,27.0,54,1491.0,183,412,106.0,77,94,104,46.0,138.0,184.0,130,44.0,10.0,59.0,86,566,SG,2
4611,SF,28.0,29,524.0,66,181,48.0,18,20,22,8.0,49.0,57.0,35,9.0,0.0,19.0,60,200,SG,2
4336,SG,29.0,88,2100.0,366,842,150.0,216,116,136,60.0,188.0,248.0,284,94.0,28.0,130.0,154,998,PG,2
3914,SG,36.0,39,608.0,39,118,31.0,8,17,20,30.0,57.0,87.0,20,17.0,10.0,15.0,55,126,SF,2
4594,SG,26.0,58,1670.0,256,521,78.0,178,63,88,40.0,183.0,223.0,212,63.0,36.0,96.0,138,653,SG,2
4586,SG,23.0,56,1990.0,427,949,196.0,231,146,160,15.0,135.0,150.0,235,40.0,13.0,121.0,133,1196,PG,2
4131,SG,31.0,86,1938.0,272,632,124.0,148,32,44,22.0,156.0,178.0,116,50.0,16.0,74.0,110,700,SG,2
4392,PF,30.0,34,360.0,47,111,37.0,10,10,12,6.0,26.0,32.0,12,7.0,3.0,9.0,39,141,SG,2
5084,SF,20.0,16,129.0,27,62,22.0,5,4,6,0.0,21.0,21.0,3,6.0,1.0,7.0,7,80,SG,1
4299,SG,27.0,55,1982.0,457,982,150.0,307,255,305,29.0,240.0,269.0,224,54.0,11.0,145.0,127,1319,SG,1
5079,PF,19.0,15,204.0,28,69,8.0,20,18,19,9.0,22.0,31.0,10,7.0,2.0,10.0,19,82,SG,1
4995,C,23.0,4,25.0,6,8,0.0,6,0,2,4.0,5.0,9.0,1,0.0,1.0,1.0,7,12,SG,1
4977,SF,22.0,30,178.0,12,50,4.0,8,2,4,12.0,18.0,30.0,8,6.0,2.0,8.0,6,30,SG,1
5015,SG,25.0,7,70.0,7,29,2.0,5,5,5,8.0,9.0,17.0,6,2.0,5.0,7.0,4,21,SG,1
5024,SF,21.0,28,486.0,67,159,20.0,47,13,17,11.0,58.0,69.0,24,12.0,5.0,29.0,51,167,SG,1
4265,SG,30.0,58,1886.0,439,984,153.0,286,189,231,67.0,168.0,235.0,245,30.0,13.0,174.0,113,1220,SG,1
4237,SF,31.0,51,1043.0,188,407,95.0,93,38,51,16.0,96.0,112.0,74,9.0,6.0,48.0,89,509,SG,1
4224,PF,33.0,56,1796.0,411,837,136.0,275,263,298,33.0,172.0,205.0,144,33.0,7.0,127.0,104,1221,SG,1
5031,SG,19.0,15,196.0,25,66,7.0,18,6,11,2.0,18.0,20.0,20,5.0,1.0,20.0,28,63,PG,1
4979,SG,22.0,14,68.0,3,20,0.0,3,0,0,4.0,3.0,7.0,7,3.0,1.0,7.0,10,6,SG,1
4142,C,29.0,13,46.0,5,10,0.0,5,3,4,4.0,11.0,15.0,5,0.0,0.0,4.0,9,13,SG,1
5072,SG,25.0,27,336.0,32,77,11.0,21,22,27,23.0,30.0,53.0,12,13.0,3.0,16.0,36,97,SG,1
5043,SF,19.0,10,95.0,13,25,0.0,13,9,10,13.0,10.0,23.0,7,2.0,2.0,6.0,18,35,SG,1
4036,SG,32.0,46,1508.0,355,843,194.0,161,81,92,31.0,147.0,178.0,114,30.0,16.0,77.0,94,985,SG,1
5049,SF,25.0,14,43.0,5,14,1.0,4,1,1,3.0,4.0,7.0,0,1.0,2.0,1.0,6,12,SG,1
5050,SG,20.0,31,367.0,68,161,24.0,44,42,48,2.0,41.0,43.0,25,9.0,3.0,26.0,41,202,SG,1
5051,SG,20.0,55,1653.0,285,678,76.0,209,192,265,55.0,162.0,217.0,253,51.0,13.0,156.0,172,838,PG,1
5052,PF,21.0,30,381.0,34,86,21.0,13,7,9,16.0,43.0,59.0,21,12.0,4.0,18.0,47,96,SG,1
5074,SF,22.0,38,562.0,80,201,38.0,42,21,29,34.0,56.0,90.0,26,18.0,4.0,36.0,59,219,SG,1
5063,SG,20.0,13,62.0,6,18,1.0,5,3,3,1.0,7.0,8.0,2,1.0,1.0,2.0,13,16,SG,1
4976,SG,20.0,28,274.0,43,119,19.0,24,9,17,7.0,27.0,34.0,26,12.0,4.0,27.0,30,114,SG,1
4531,C,30.0,20,162.0,19,32,1.0,18,4,5,8.0,17.0,25.0,7,5.0,5.0,8.0,24,43,SG,1
5090,SG,19.0,57,1157.0,181,378,57.0,124,32,48,44.0,101.0,145.0,37,21.0,14.0,37.0,91,451,SF,1
4842,SF,27.0,20,420.0,61,135,8.0,53,24,37,32.0,45.0,77.0,51,11.0,4.0,33.0,65,154,SG,1
5091,SF,27.0,31,299.0,39,108,24.0,15,11,16,15.0,20.0,35.0,16,4.0,6.0,18.0,29,113,SG,1
3867,SG,35.0,8,110.0,8,30,8.0,0,0,0,2.0,8.0,10.0,4,4.0,0.0,6.0,12,24,SG,1
4808,SG,21.0,61,2211.0,548,1182,162.0,386,260,335,37.0,323.0,360.0,274,100.0,38.0,205.0,155,1518,SG,1
4803,PF,22.0,29,956.0,285,469,7.0,278,177,248,58.0,144.0,202.0,133,32.0,16.0,99.0,65,754,SG,1
4599,SG,24.0,47,1129.0,230,454,48.0,182,162,197,37.0,67.0,104.0,135,27.0,6.0,84.0,109,670,PG,1
3500,SF,39.0,3,42.0,3,4,1.0,2,0,0,1.0,6.0,7.0,5,1.0,1.0,5.0,5,7,SG,1
4782,SG,22.0,53,1829.0,369,863,94.0,275,213,285,47.0,230.0,277.0,146,25.0,8.0,118.0,138,1045,SF,1
4621,SG,24.0,50,841.0,177,301,5.0,172,75,128,48.0,119.0,167.0,47,45.0,14.0,59.0,108,434,SF,1
5096,SG,23.0,13,45.0,6,16,1.0,5,2,2,2.0,4.0,6.0,0,1.0,0.0,1.0,2,15,SG,1
4746,SG,27.0,39,528.0,102,251,41.0,61,17,21,5.0,50.0,55.0,34,11.0,3.0,31.0,35,262,SG,1
4745,SF,23.0,52,1695.0,403,907,113.0,290,217,279,45.0,201.0,246.0,140,37.0,9.0,108.0,99,1136,SG,1
4728,SG,23.0,10,137.0,17,43,1.0,16,9,13,10.0,28.0,38.0,6,6.0,2.0,7.0,14,44,SF,1
3761,PF,36.0,37,711.0,112,224,15.0,97,53,76,25.0,68.0,93.0,44,15.0,9.0,34.0,71,292,SG,1
4538,SG,26.0,74,1534.0,202,438,124.0,78,46,48,14.0,158.0,172.0,80,38.0,8.0,60.0,106,574,SG,1
4875,PG,25.0,42,536.0,78,193,41.0,37,9,13,21.0,41.0,62.0,45,14.0,1.0,30.0,34,206,SG,1
4501,SG,25.0,25,255.0,32,78,12.0,20,19,29,6.0,23.0,29.0,18,6.0,3.0,15.0,10,95,SG,1
4488,SG,27.0,74,650.0,54,164,34.0,20,30,40,20.0,94.0,114.0,40,26.0,8.0,40.0,72,172,SG,1
4484,SG,30.0,60,1324.0,172,392,98.0,74,86,95,28.0,164.0,192.0,91,28.0,6.0,70.0,98,528,SF,1
4971,SG,20.0,4,93.0,9,26,3.0,6,7,9,2.0,11.0,13.0,18,1.0,2.0,11.0,8,28,SG,1
4353,SG,29.0,50,1292.0,284,584,101.0,183,182,226,20.0,135.0,155.0,88,41.0,16.0,82.0,100,851,SG,1
4913,SG,21.0,41,679.0,147,321,36.0,111,114,135,6.0,63.0,69.0,64,15.0,5.0,43.0,44,444,SG,1
4450,SF,28.0,37,787.0,117,236,50.0,67,30,36,11.0,79.0,90.0,60,19.0,14.0,45.0,88,314,SG,1
4924,SG,23.0,16,141.0,21,48,0.0,21,4,8,6.0,9.0,15.0,12,6.0,1.0,13.0,25,46,SG,1
4930,SF,25.0,23,272.0,44,94,8.0,36,17,28,22.0,30.0,52.0,11,14.0,0.0,16.0,46,113,SG,1
4969,SG,21.0,40,406.0,74,161,10.0,64,27,37,11.0,33.0,44.0,38,16.0,9.0,38.0,32,185,SG,1
4937,PF,21.0,16,93.0,11,28,1.0,10,5,12,2.0,17.0,19.0,3,4.0,5.0,6.0,13,28,SG,1
5064,SF,21.0,9,83.0,9,28,3.0,6,7,9,3.0,9.0,12.0,11,1.0,0.0,7.0,6,28,SG,1
4946,SG,20.0,54,1833.0,393,960,137.0,256,253,321,30.0,186.0,216.0,195,41.0,13.0,154.0,90,1176,SG,1
4962,SF,23.0,2,17.0,3,5,3.0,0,0,0,0.0,0.0,0.0,1,0.0,0.0,1.0,0,9,SG,1
5086,PG,24.0,3,8.0,2,3,1.0,1,0,0,1.0,0.0,1.0,1,0.0,0.0,0.0,1,5,SG,0
5066,SF,21.0,2,7.0,0,2,0.0,0,0,0,0.0,0.0,0.0,0,1.0,0.0,0.0,0,0,SG,0
5095,SG,19.0,1,1.0,0,1,0.0,0,0,0,0.0,1.0,1.0,0,0.0,0.0,0.0,0,0,SG,0
5085,SG,20.0,12,38.0,9,17,1.0,8,0,2,3.0,5.0,8.0,1,0.0,1.0,2.0,2,19,SG,0
5092,SG,23.0,1,2.0,0,1,0.0,0,2,2,0.0,0.0,0.0,0,1.0,1.0,0.0,0,2,SG,0
5088,PG,20.0,12,62.0,7,20,3.0,4,6,6,3.0,9.0,12.0,6,1.0,1.0,16.0,10,23,SG,0
5077,PF,20.0,1,1.0,0,0,0.0,0,0,0,0.0,0.0,0.0,0,0.0,0.0,0.0,0,0,SG,0
5087,SF,22.0,3,9.0,3,5,2.0,1,0,0,1.0,1.0,2.0,0,0.0,0.0,0.0,0,8,SG,0
4702,PF,26.0,1,3.0,1,1,0.0,1,0,0,0.0,0.0,0.0,0,0.0,0.0,1.0,2,2,SG,0
5062,C,20.0,8,26.0,1,4,0.0,1,0,0,1.0,1.0,2.0,1,0.0,2.0,0.0,2,2,SG,0
4967,SF,24.0,2,6.0,1,2,1.0,0,0,0,0.0,0.0,0.0,1,1.0,0.0,0.0,1,3,SG,0
4672,SF,25.0,28,130.0,22,48,16.0,6,6,12,2.0,16.0,18.0,2,2.0,0.0,6.0,4,66,SG,0
4649,SF,23.0,2,14.0,1,3,0.0,1,2,2,2.0,1.0,3.0,0,0.0,0.0,0.0,3,4,SG,0
4764,PF,25.0,2,14.0,1,2,0.0,1,0,0,3.0,2.0,5.0,0,0.0,0.0,1.0,3,2,SG,0
4605,SG,29.0,2,6.0,0,2,0.0,0,0,0,0.0,0.0,0.0,0,0.0,0.0,0.0,0,0,SG,0
4583,PF,26.0,4,30.0,3,6,0.0,3,1,2,2.0,8.0,10.0,1,1.0,0.0,4.0,3,7,SG,0
4573,SG,26.0,3,8.0,4,5,1.0,3,0,0,1.0,1.0,2.0,0,0.0,0.0,0.0,0,9,SG,0
4565,SG,27.0,4,24.0,0,4,0.0,0,0,0,3.0,5.0,8.0,2,3.0,0.0,0.0,4,0,SG,0
4557,SG,26.0,4,10.0,2,3,1.0,1,0,0,0.0,2.0,2.0,0,3.0,0.0,0.0,0,5,SG,0
4862,PF,26.0,16,98.0,11,26,4.0,7,0,0,3.0,9.0,12.0,2,2.0,6.0,6.0,13,26,SG,0
4911,SF,25.0,3,9.0,1,1,0.0,1,2,2,0.0,1.0,1.0,0,0.0,0.0,0.0,0,4,SG,0
4942,PF,21.0,4,13.0,1,4,0.0,1,0,0,0.0,0.0,0.0,0,0.0,0.0,0.0,0,2,SG,0
4973,SF,21.0,3,11.0,3,3,0.0,3,0,0,1.0,3.0,4.0,1,0.0,0.0,0.0,1,6,SG,0
5057,SG,23.0,1,12.0,1,3,0.0,1,0,0,0.0,1.0,1.0,0,0.0,0.0,0.0,3,2,SG,0
4985,SF,27.0,5,9.0,2,4,1.0,1,0,0,0.0,3.0,3.0,0,0.0,0.0,0.0,1,5,SG,0
4987,C,23.0,3,5.0,0,1,0.0,0,0,0,0.0,0.0,0.0,0,0.0,0.0,0.0,1,0,SG,0
4990,PF,24.0,3,14.0,2,2,0.0,2,0,0,1.0,2.0,3.0,2,0.0,0.0,0.0,2,4,SG,0
4292,SF,29.0,2,15.0,3,5,1.0,2,0,0,1.0,4.0,5.0,0,1.0,0.0,0.0,1,7,SG,0
5028,SG,23.0,1,5.0,0,0,0.0,0,0,0,0.0,1.0,1.0,0,0.0,0.0,2.0,1,0,SG,0
5033,PG,23.0,1,1.0,0,0,0.0,0,0,0,0.0,0.0,0.0,0,0.0,0.0,0.0,0,0,SG,0
5035,SF,27.0,2,8.0,1,2,0.0,1,0,2,2.0,0.0,2.0,1,0.0,0.0,2.0,2,2,SG,0
5038,SF,23.0,6,40.0,3,9,3.0,0,0,0,1.0,6.0,7.0,4,0.0,0.0,0.0,3,9,SG,0
5040,PF,23.0,3,23.0,5,11,3.0,2,2,2,1.0,5.0,6.0,1,0.0,1.0,0.0,2,15,SG,0
5042,SG,22.0,5,12.0,2,5,0.0,2,0,0,1.0,0.0,1.0,0,0.0,0.0,0.0,1,4,SG,0
5046,PF,23.0,9,26.0,4,8,1.0,3,0,0,1.0,10.0,11.0,0,1.0,0.0,0.0,2,9,SG,0
3491,C,42.0,6,46.0,1,12,0.0,1,1,2,4.0,4.0,8.0,0,1.0,1.0,0.0,8,3,SG,0
