player_id,pos,age,g,mp,fg,fga,x3p,x2p,ft,fta,orb,drb,trb,ast,stl,blk,tov,pf,pts,pred_pos,score
4704,SF,27.0,7,134.0,14,36,3.0,11,4,7,8.0,16.0,24.0,11,4.0,1.0,2.0,13,35,SG,7
4528,SF,27.0,23,107.0,7,27,5.0,2,1,2,2.0,15.0,17.0,9,4.0,4.0,2.0,7,20,SG,6
4698,PF,26.0,40,1036.0,194,420,104.0,90,68,86,30.0,124.0,154.0,66,38.0,14.0,20.0,70,560,SF,5
4943,SF,28.0,42,653.0,61,159,40.0,21,17,21,35.0,55.0,90.0,43,35.0,13.0,19.0,87,179,SG,4
4734,SG,26.0,49,1097.0,108,249,52.0,56,20,23,43.0,188.0,231.0,70,50.0,13.0,29.0,73,288,SF,4
4023,SF,33.0,44,1482.0,317,625,23.0,294,298,350,97.0,166.0,263.0,223,88.0,16.0,74.0,57,955,SG,4
5055,SF,23.0,13,181.0,25,48,2.0,23,12,16,12.0,26.0,38.0,8,8.0,0.0,4.0,15,64,SG,4
4189,SF,29.0,8,146.0,15,30,6.0,9,8,8,6.0,13.0,19.0,8,11.0,0.0,4.0,7,44,SG,4
4194,SF,31.0,58,1764.0,133,337,105.0,28,24,35,28.0,173.0,201.0,80,45.0,13.0,27.0,130,395,SF,4
5003,PF,25.0,57,903.0,127,281,97.0,30,10,15,25.0,124.0,149.0,42,17.0,12.0,19.0,73,361,SF,3
4684,SF,28.0,43,772.0,100,192,52.0,48,29,39,26.0,84.0,110.0,38,19.0,15.0,17.0,62,281,SF,3
4525,SF,27.0,51,1704.0,183,363,34.0,149,87,119,95.0,322.0,417.0,200,54.0,9.0,79.0,133,487,PF,3
4658,SF,26.0,118,4278.0,762,1628,218.0,544,338,378,126.0,398.0,524.0,420,138.0,96.0,170.0,240,2080,SG,3
4817,SF,24.0,19,404.0,32,88,18.0,14,16,21,21.0,57.0,78.0,26,11.0,9.0,10.0,34,98,SF,3
4838,SF,22.0,61,1295.0,139,284,47.0,92,61,83,39.0,116.0,155.0,70,44.0,26.0,37.0,118,386,SF,3
4261,SF,35.0,25,563.0,53,140,38.0,15,11,13,8.0,64.0,72.0,81,14.0,3.0,29.0,40,155,PG,3
4354,SG,30.0,41,1043.0,124,314,85.0,39,17,28,35.0,173.0,208.0,53,30.0,5.0,25.0,44,350,SF,3
4032,SF,31.0,34,1101.0,274,551,57.0,217,147,169,42.0,169.0,211.0,137,47.0,18.0,51.0,48,752,SF,3
4841,PF,22.0,58,1770.0,258,501,72.0,186,74,100,75.0,150.0,225.0,118,55.0,57.0,84.0,202,662,SF,2
5000,SG,22.0,49,1479.0,175,393,89.0,86,56,70,40.0,128.0,168.0,94,32.0,20.0,50.0,125,495,SF,2
4678,SF,23.0,53,1279.0,141,322,67.0,74,26,27,48.0,178.0,226.0,57,39.0,8.0,37.0,81,375,SF,2
4939,SF,24.0,43,1239.0,147,333,32.0,115,89,119,59.0,105.0,164.0,93,72.0,28.0,56.0,141,415,SG,2
4696,PF,27.0,49,1485.0,187,412,65.0,122,55,72,69.0,187.0,256.0,79,51.0,20.0,56.0,108,494,SF,2
4697,SF,23.0,46,1014.0,148,326,48.0,100,60,68,16.0,58.0,74.0,50,36.0,18.0,32.0,78,404,SG,2
4933,SF,21.0,58,1924.0,400,826,96.0,304,200,241,53.0,175.0,228.0,205,54.0,11.0,124.0,133,1096,SG,2
4920,SF,23.0,50,1360.0,165,344,93.0,72,51,59,20.0,115.0,135.0,62,29.0,6.0,39.0,67,474,SG,2
5027,SF,19.0,55,1122.0,203,426,82.0,121,26,30,25.0,89.0,114.0,55,38.0,7.0,33.0,67,514,SG,2
4725,SF,25.0,118,3100.0,456,1016,134.0,322,178,210,96.0,470.0,566.0,230,134.0,58.0,160.0,330,1224,SF,2
4919,SF,25.0,36,694.0,94,261,41.0,53,55,66,15.0,73.0,88.0,53,18.0,8.0,33.0,54,284,SG,2
4900,SG,24.0,46,846.0,112,222,32.0,80,39,47,48.0,98.0,146.0,62,21.0,8.0,37.0,74,295,SF,2
4739,SF,29.0,62,780.0,72,142,10.0,62,22,30,30.0,112.0,142.0,52,22.0,14.0,36.0,94,176,SF,2
4882,SF,23.0,108,3078.0,500,1238,208.0,292,362,420,124.0,380.0,504.0,170,100.0,26.0,112.0,174,1570,SF,2
5016,SF,22.0,56,1643.0,249,518,124.0,125,102,112,43.0,162.0,205.0,71,56.0,29.0,45.0,116,724,SF,2
4754,SG,23.0,50,1494.0,238,578,94.0,144,130,172,68.0,138.0,206.0,112,52.0,13.0,67.0,164,700,SF,2
4763,SF,26.0,57,1722.0,252,625,148.0,104,66,75,40.0,165.0,205.0,125,37.0,9.0,57.0,121,718,SG,2
5014,PF,22.0,42,680.0,85,151,16.0,69,45,61,27.0,113.0,140.0,69,15.0,6.0,40.0,78,231,SF,2
4770,SF,22.0,37,620.0,81,174,38.0,43,20,32,18.0,72.0,90.0,34,11.0,12.0,21.0,38,220,SF,2
4777,SF,24.0,49,786.0,85,219,39.0,46,61,88,44.0,122.0,166.0,26,28.0,8.0,21.0,64,270,PF,2
5006,PF,21.0,56,1971.0,338,739,52.0,286,146,190,134.0,266.0,400.0,272,57.0,48.0,114.0,122,874,SF,2
4783,SG,23.0,32,646.0,100,204,13.0,87,24,37,46.0,46.0,92.0,43,16.0,11.0,22.0,55,237,SF,2
4791,SG,26.0,60,1412.0,213,407,58.0,155,68,88,57.0,168.0,225.0,130,32.0,19.0,57.0,108,552,SF,2
4805,SF,23.0,53,1300.0,178,426,81.0,97,84,97,43.0,156.0,199.0,65,41.0,23.0,49.0,180,521,PF,2
4871,PF,24.0,45,669.0,106,255,53.0,53,23,31,21.0,118.0,139.0,38,14.0,7.0,21.0,45,288,SF,2
4809,PF,30.0,41,411.0,51,84,3.0,48,24,29,22.0,35.0,57.0,20,5.0,8.0,9.0,48,129,SF,2
4810,SF,25.0,43,837.0,112,221,58.0,54,28,39,33.0,106.0,139.0,73,22.0,11.0,42.0,99,310,SF,2
4865,SF,25.0,54,1345.0,183,428,54.0,129,103,133,37.0,163.0,200.0,136,45.0,13.0,69.0,84,523,SG,2
4823,SF,22.0,56,1472.0,182,419,50.0,132,94,125,60.0,290.0,350.0,141,50.0,27.0,81.0,163,508,PF,2
4988,SF,25.0,64,606.0,80,214,64.0,16,20,24,8.0,42.0,50.0,30,10.0,2.0,14.0,54,244,SG,2
5034,SF,20.0,34,549.0,50,122,33.0,17,11,13,24.0,52.0,76.0,18,7.0,3.0,12.0,49,144,SF,2
4778,PF,24.0,59,1940.0,338,764,119.0,219,102,137,60.0,217.0,277.0,143,53.0,66.0,83.0,155,897,SF,2
4947,SF,21.0,55,790.0,112,235,23.0,89,40,61,41.0,172.0,213.0,50,25.0,24.0,27.0,78,287,PF,2
4223,SF,27.0,37,1190.0,250,529,89.0,161,44,72,61.0,125.0,186.0,85,45.0,28.0,48.0,107,633,SF,2
5073,SF,19.0,45,989.0,161,362,52.0,109,35,45,15.0,81.0,96.0,87,24.0,6.0,47.0,74,409,SG,2
4646,SF,27.0,45,904.0,140,284,26.0,114,58,74,45.0,105.0,150.0,51,31.0,12.0,35.0,45,364,SF,2
4341,SF,27.0,35,1141.0,263,624,80.0,183,100,140,52.0,127.0,179.0,42,55.0,13.0,44.0,104,706,SF,2
4338,SF,26.0,29,776.0,81,198,14.0,67,20,28,49.0,96.0,145.0,98,30.0,11.0,43.0,89,196,SG,2
5076,SG,19.0,35,498.0,43,103,26.0,17,14,16,7.0,67.0,74.0,19,8.0,7.0,13.0,32,126,SF,2
4278,C,28.0,14,152.0,12,30,1.0,11,7,10,7.0,30.0,37.0,7,13.0,9.0,8.0,25,32,SF,2
5082,SF,19.0,19,284.0,32,77,13.0,19,2,5,8.0,41.0,49.0,26,5.0,6.0,12.0,22,79,SG,2
4107,SF,31.0,17,364.0,83,197,24.0,59,41,44,10.0,55.0,65.0,67,11.0,3.0,34.0,36,231,PG,2
4382,SF,30.0,60,1921.0,371,819,230.0,141,80,92,52.0,243.0,295.0,163,68.0,19.0,112.0,118,1052,SG,2
4089,PF,30.0,57,1861.0,260,552,95.0,165,233,280,55.0,207.0,262.0,90,43.0,7.0,65.0,73,848,SF,2
4055,PF,30.0,53,1779.0,325,655,93.0,232,71,82,51.0,265.0,316.0,137,54.0,29.0,67.0,105,814,SF,2
4042,PF,33.0,53,1519.0,243,565,104.0,139,64,82,24.0,200.0,224.0,97,33.0,21.0,45.0,116,654,SF,2
3941,SF,32.0,34,1059.0,176,381,35.0,141,86,106,24.0,119.0,143.0,123,30.0,7.0,63.0,45,473,SG,2
3914,SG,36.0,39,608.0,39,118,31.0,8,17,20,30.0,57.0,87.0,20,17.0,10.0,15.0,55,126,SF,2
3905,C,37.0,36,353.0,52,95,4.0,48,22,32,26.0,44.0,70.0,27,13.0,10.0,19.0,67,130,SF,2
3872,SF,33.0,53,1925.0,484,955,27.0,457,349,396,23.0,224.0,247.0,270,51.0,28.0,119.0,144,1344,SG,2
5067,SF,22.0,55,1625.0,233,527,137.0,96,50,63,61.0,192.0,253.0,59,40.0,29.0,49.0,105,653,SF,2
4364,SF,26.0,30,469.0,65,122,18.0,47,26,39,22.0,73.0,95.0,67,16.0,6.0,33.0,48,174,SG,2
5036,SG,21.0,54,834.0,96,194,23.0,73,22,37,37.0,91.0,128.0,42,26.0,11.0,24.0,68,237,SF,2
4397,SF,25.0,46,698.0,88,173,18.0,70,54,68,47.0,74.0,121.0,28,22.0,30.0,20.0,69,248,PF,2
4401,PF,29.0,88,2814.0,276,674,162.0,114,66,90,150.0,278.0,428.0,126,76.0,40.0,80.0,182,780,SF,2
4644,SG,24.0,50,748.0,103,245,37.0,66,72,103,75.0,85.0,160.0,62,35.0,22.0,42.0,75,315,SF,2
4479,SF,27.0,58,1218.0,190,415,82.0,108,56,83,17.0,112.0,129.0,89,31.0,7.0,42.0,89,518,SG,2
4494,SF,27.0,52,1585.0,290,742,94.0,196,93,118,31.0,139.0,170.0,134,44.0,10.0,79.0,176,767,SG,2
4611,SF,28.0,29,524.0,66,181,48.0,18,20,22,8.0,49.0,57.0,35,9.0,0.0,19.0,60,200,SG,2
4389,SF,29.0,37,546.0,55,120,24.0,31,28,40,8.0,57.0,65.0,25,8.0,7.0,16.0,44,162,SG,2
4570,SF,32.0,57,1474.0,172,377,75.0,97,27,37,117.0,209.0,326.0,89,39.0,36.0,59.0,135,446,PF,2
4560,SF,29.0,55,1837.0,175,442,123.0,52,32,44,37.0,224.0,261.0,216,46.0,39.0,88.0,170,505,SG,2
5030,SF,20.0,60,1693.0,327,763,83.0,244,296,357,66.0,180.0,246.0,85,36.0,6.0,110.0,121,1033,SF,1
4962,SF,23.0,2,17.0,3,5,3.0,0,0,0,0.0,0.0,0.0,1,0.0,0.0,1.0,0,9,SG,1
5041,PF,21.0,46,817.0,111,265,39.0,72,30,48,31.0,92.0,123.0,30,23.0,12.0,43.0,70,291,SF,1
4965,PF,20.0,46,886.0,150,303,32.0,118,56,87,41.0,100.0,141.0,81,22.0,20.0,67.0,106,388,SF,1
5043,SF,19.0,10,95.0,13,25,0.0,13,9,10,13.0,10.0,23.0,7,2.0,2.0,6.0,18,35,SG,1
4972,PF,20.0,47,506.0,44,118,15.0,29,18,29,25.0,57.0,82.0,18,11.0,11.0,22.0,36,121,SF,1
5010,PF,23.0,26,228.0,30,65,4.0,26,5,7,22.0,17.0,39.0,10,3.0,5.0,9.0,24,69,SF,1
4977,SF,22.0,30,178.0,12,50,4.0,8,2,4,12.0,18.0,30.0,8,6.0,2.0,8.0,6,30,SG,1
4982,C,24.0,22,205.0,53,101,13.0,40,33,43,27.0,26.0,53.0,14,2.0,1.0,9.0,33,152,SF,1
5090,SG,19.0,57,1157.0,181,378,57.0,124,32,48,44.0,101.0,145.0,37,21.0,14.0,37.0,91,451,SF,1
5024,SF,21.0,28,486.0,67,159,20.0,47,13,17,11.0,58.0,69.0,24,12.0,5.0,29.0,51,167,SG,1
5084,SF,20.0,16,129.0,27,62,22.0,5,4,6,0.0,21.0,21.0,3,6.0,1.0,7.0,7,80,SG,1
5049,SF,25.0,14,43.0,5,14,1.0,4,1,1,3.0,4.0,7.0,0,1.0,2.0,1.0,6,12,SG,1
5074,SF,22.0,38,562.0,80,201,38.0,42,21,29,34.0,56.0,90.0,26,18.0,4.0,36.0,59,219,SG,1
5061,PF,19.0,48,1242.0,195,435,28.0,167,61,88,81.0,155.0,236.0,121,36.0,22.0,83.0,122,479,SF,1
5064,SF,21.0,9,83.0,9,28,3.0,6,7,9,3.0,9.0,12.0,11,1.0,0.0,7.0,6,28,SG,1
5048,SF,20.0,38,335.0,40,89,5.0,35,21,29,32.0,48.0,80.0,20,4.0,6.0,14.0,38,106,PF,1
3500,SF,39.0,3,42.0,3,4,1.0,2,0,0,1.0,6.0,7.0,5,1.0,1.0,5.0,5,7,SG,1
4941,PF,24.0,37,782.0,67,168,46.0,21,22,28,19.0,69.0,88.0,23,19.0,20.0,22.0,72,202,SF,1
4722,PF,24.0,42,474.0,67,155,18.0,49,20,41,21.0,86.0,107.0,38,18.0,7.0,31.0,53,172,SF,1
4167,C,33.0,19,193.0,24,60,12.0,12,5,6,18.0,35.0,53.0,28,2.0,7.0,16.0,28,65,SF,1
4237,SF,31.0,51,1043.0,188,407,95.0,93,38,51,16.0,96.0,112.0,74,9.0,6.0,48.0,89,509,SG,1
4257,PF,28.0,54,1927.0,383,791,123.0,260,232,288,46.0,188.0,234.0,125,43.0,44.0,97.0,130,1121,SF,1
4306,C,34.0,19,83.0,21,32,0.0,21,14,17,9.0,20.0,29.0,4,1.0,1.0,5.0,3,56,SF,1
4379,SF,25.0,24,772.0,194,414,37.0,157,113,129,11.0,108.0,119.0,117,18.0,12.0,79.0,61,538,PG,1
4415,SF,26.0,48,1707.0,473,971,121.0,352,204,262,57.0,279.0,336.0,155,53.0,22.0,146.0,128,1271,PF,1
4450,SF,28.0,37,787.0,117,236,50.0,67,30,36,11.0,79.0,90.0,60,19.0,14.0,45.0,88,314,SG,1
4484,SG,30.0,60,1324.0,172,392,98.0,74,86,95,28.0,164.0,192.0,91,28.0,6.0,70.0,98,528,SF,1
4535,SF,25.0,54,1851.0,454,886,164.0,290,270,308,97.0,367.0,464.0,98,34.0,34.0,98.0,112,1342,PF,1
4555,SF,25.0,45,1611.0,282,617,86.0,196,110,134,68.0,180.0,248.0,91,93.0,35.0,98.0,133,760,SF,1
4621,SG,24.0,50,841.0,177,301,5.0,172,75,128,48.0,119.0,167.0,47,45.0,14.0,59.0,108,434,SF,1
4623,SF,26.0,43,847.0,80,187,35.0,45,11,24,46.0,115.0,161.0,30,33.0,15.0,35.0,70,206,SF,1
4930,SF,25.0,23,272.0,44,94,8.0,36,17,28,22.0,30.0,52.0,11,14.0,0.0,16.0,46,113,SG,1
4709,SF,25.0,49,1567.0,280,609,78.0,202,141,170,32.0,183.0,215.0,70,27.0,10.0,61.0,147,779,SF,1
5091,SF,27.0,31,299.0,39,108,24.0,15,11,16,15.0,20.0,35.0,16,4.0,6.0,18.0,29,113,SG,1
4728,SG,23.0,10,137.0,17,43,1.0,16,9,13,10.0,28.0,38.0,6,6.0,2.0,7.0,14,44,SF,1
4745,SF,23.0,52,1695.0,403,907,113.0,290,217,279,45.0,201.0,246.0,140,37.0,9.0,108.0,99,1136,SG,1
4766,SF,24.0,42,1234.0,260,546,123.0,137,64,81,39.0,186.0,225.0,43,29.0,21.0,47.0,95,707,PF,1
4782,SG,22.0,53,1829.0,369,863,94.0,275,213,285,47.0,230.0,277.0,146,25.0,8.0,118.0,138,1045,SF,1
4842,SF,27.0,20,420.0,61,135,8.0,53,24,37,32.0,45.0,77.0,51,11.0,4.0,33.0,65,154,SG,1
4849,SF,24.0,80,1246.0,158,418,82.0,76,74,86,58.0,188.0,246.0,78,28.0,14.0,70.0,68,472,SF,1
4854,SF,22.0,58,1526.0,266,475,51.0,215,90,141,87.0,235.0,322.0,88,26.0,23.0,68.0,101,673,PF,1
4873,PF,21.0,59,1715.0,226,494,82.0,144,64,72,57.0,201.0,258.0,79,49.0,46.0,78.0,116,598,SF,1
4868,PF,25.0,33,268.0,42,74,8.0,34,35,51,20.0,30.0,50.0,13,9.0,5.0,18.0,35,127,SF,1
4367,SF,30.0,25,101.0,4,19,0.0,4,4,8,8.0,17.0,25.0,4,2.0,3.0,7.0,12,12,SF,0
4967,SF,24.0,2,6.0,1,2,1.0,0,0,0,0.0,0.0,0.0,1,1.0,0.0,0.0,1,3,SG,0
5087,SF,22.0,3,9.0,3,5,2.0,1,0,0,1.0,1.0,2.0,0,0.0,0.0,0.0,0,8,SG,0
4911,SF,25.0,3,9.0,1,1,0.0,1,2,2,0.0,1.0,1.0,0,0.0,0.0,0.0,0,4,SG,0
4973,SF,21.0,3,11.0,3,3,0.0,3,0,0,1.0,3.0,4.0,1,0.0,0.0,0.0,1,6,SG,0
4292,SF,29.0,2,15.0,3,5,1.0,2,0,0,1.0,4.0,5.0,0,1.0,0.0,0.0,1,7,SG,0
4985,SF,27.0,5,9.0,2,4,1.0,1,0,0,0.0,3.0,3.0,0,0.0,0.0,0.0,1,5,SG,0
5066,SF,21.0,2,7.0,0,2,0.0,0,0,0,0.0,0.0,0.0,0,1.0,0.0,0.0,0,0,SG,0
5065,SF,20.0,11,68.0,14,27,1.0,13,6,6,5.0,17.0,22.0,3,3.0,6.0,0.0,7,35,PF,0
4672,SF,25.0,28,130.0,22,48,16.0,6,6,12,2.0,16.0,18.0,2,2.0,0.0,6.0,4,66,SG,0
3845,C,34.0,30,238.0,36,56,2.0,34,12,16,19.0,21.0,40.0,13,1.0,4.0,20.0,33,86,SF,0
5038,SF,23.0,6,40.0,3,9,3.0,0,0,0,1.0,6.0,7.0,4,0.0,0.0,0.0,3,9,SG,0
5035,SF,27.0,2,8.0,1,2,0.0,1,0,2,2.0,0.0,2.0,1,0.0,0.0,2.0,2,2,SG,0
4649,SF,23.0,2,14.0,1,3,0.0,1,2,2,2.0,1.0,3.0,0,0.0,0.0,0.0,3,4,SG,0
